[
    {
        "tipo": "clique",
        "botao": "Button.left",
        "x": 573,
        "y": 698,
        "pressionado": true,
        "tempo": 2.2594799995422363
    },
    {
        "tipo": "clique",
        "botao": "Button.left",
        "x": 573,
        "y": 698,
        "pressionado": true,
        "tempo": 2.2594799995422363
    },
    {
        "tipo": "clique",
        "botao": "Button.left",
        "x": 573,
        "y": 698,
        "pressionado": false,
        "tempo": 2.3403570652008057
    },
    {
        "tipo": "selecionar_texto",
        "inicio": [
            573,
            698
        ],
        "fim": [
            573,
            698
        ],
        "tempo": 2.3403570652008057
    },
    {
        "tipo": "clique",
        "botao": "Button.left",
        "x": 573,
        "y": 698,
        "pressionado": false,
        "tempo": 2.3403570652008057
    },
    {
        "tipo": "tecla_especial",
        "tecla": "enter",
        "tempo": 3.0102922916412354
    },
    {
        "tipo": "tecla_especial",
        "tecla": "enter",
        "tempo": 3.0102922916412354
    },
    {
        "tipo": "tecla_especial",
        "tecla": "enter",
        "tempo": 3.143293857574463
    },
    {
        "tipo": "tecla_especial",
        "tecla": "enter",
        "tempo": 3.143293857574463
    },
    {
        "tipo": "tecla_especial",
        "tecla": "caps_lock",
        "estado": true,
        "tempo": 3.4902961254119873
    },
    {
        "tipo": "tecla_especial",
        "tecla": "caps_lock",
        "estado": false,
        "tempo": 3.4902961254119873
    },
    {
        "tipo": "tecla",
        "tecla": "t",
        "caps_lock": false,
        "tempo": 3.7677547931671143
    },
    {
        "tipo": "tecla_especial",
        "tecla": "caps_lock",
        "estado": true,
        "tempo": 4.002547264099121
    },
    {
        "tipo": "tecla_especial",
        "tecla": "caps_lock",
        "estado": false,
        "tempo": 4.002547264099121
    },
    {
        "tipo": "tecla_especial",
        "tecla": "backspace",
        "tempo": 4.576279640197754
    },
    {
        "tipo": "tecla_especial",
        "tecla": "backspace",
        "tempo": 4.576279640197754
    },
    {
        "tipo": "tecla",
        "tecla": "t",
        "caps_lock": false,
        "tempo": 4.758863210678101
    },
    {
        "tipo": "tecla_especial",
        "tecla": "caps_lock",
        "estado": true,
        "tempo": 4.947945833206177
    },
    {
        "tipo": "tecla_especial",
        "tecla": "caps_lock",
        "estado": false,
        "tempo": 4.947945833206177
    },
    {
        "tipo": "tecla",
        "tecla": "e",
        "caps_lock": false,
        "tempo": 5.045485258102417
    },
    {
        "tipo": "tecla",
        "tecla": "s",
        "caps_lock": false,
        "tempo": 5.250270843505859
    },
    {
        "tipo": "tecla",
        "tecla": "t",
        "caps_lock": false,
        "tempo": 5.427584409713745
    },
    {
        "tipo": "tecla",
        "tecla": "e",
        "caps_lock": false,
        "tempo": 5.600547790527344
    },
    {
        "tipo": "tecla_especial",
        "tecla": "space",
        "tempo": 5.723320007324219
    },
    {
        "tipo": "tecla_especial",
        "tecla": "space",
        "tempo": 5.723320007324219
    },
    {
        "tipo": "tecla_especial",
        "tecla": "caps_lock",
        "estado": true,
        "tempo": 5.856407165527344
    },
    {
        "tipo": "tecla_especial",
        "tecla": "caps_lock",
        "estado": false,
        "tempo": 5.856407165527344
    },
    {
        "tipo": "tecla",
        "tecla": "o",
        "caps_lock": false,
        "tempo": 6.02475905418396
    },
    {
        "tipo": "tecla",
        "tecla": "k",
        "caps_lock": false,
        "tempo": 6.203421592712402
    },
    {
        "tipo": "tecla_especial",
        "tecla": "caps_lock",
        "estado": true,
        "tempo": 6.681830167770386
    },
    {
        "tipo": "tecla_especial",
        "tecla": "caps_lock",
        "estado": false,
        "tempo": 6.681830167770386
    },
    {
        "tipo": "tecla_especial",
        "tecla": "backspace",
        "tempo": 6.989275217056274
    },
    {
        "tipo": "tecla_especial",
        "tecla": "backspace",
        "tempo": 6.989275217056274
    },
    {
        "tipo": "tecla_especial",
        "tecla": "backspace",
        "tempo": 7.170191526412964
    },
    {
        "tipo": "tecla_especial",
        "tecla": "backspace",
        "tempo": 7.170191526412964
    },
    {
        "tipo": "tecla_especial",
        "tecla": "backspace",
        "tempo": 7.331313371658325
    },
    {
        "tipo": "tecla_especial",
        "tecla": "backspace",
        "tempo": 7.331313371658325
    },
    {
        "tipo": "tecla_especial",
        "tecla": "backspace",
        "tempo": 7.480344533920288
    },
    {
        "tipo": "tecla_especial",
        "tecla": "backspace",
        "tempo": 7.480344533920288
    },
    {
        "tipo": "tecla_especial",
        "tecla": "backspace",
        "tempo": 7.634544849395752
    },
    {
        "tipo": "tecla_especial",
        "tecla": "backspace",
        "tempo": 7.634544849395752
    },
    {
        "tipo": "tecla_especial",
        "tecla": "backspace",
        "tempo": 7.786944627761841
    },
    {
        "tipo": "tecla_especial",
        "tecla": "backspace",
        "tempo": 7.786944627761841
    },
    {
        "tipo": "tecla_especial",
        "tecla": "backspace",
        "tempo": 7.937411308288574
    },
    {
        "tipo": "tecla_especial",
        "tecla": "backspace",
        "tempo": 7.937411308288574
    },
    {
        "tipo": "tecla_especial",
        "tecla": "caps_lock",
        "estado": true,
        "tempo": 8.036933898925781
    },
    {
        "tipo": "tecla_especial",
        "tecla": "caps_lock",
        "estado": false,
        "tempo": 8.036933898925781
    },
    {
        "tipo": "tecla_especial",
        "tecla": "backspace",
        "tempo": 8.066421508789062
    },
    {
        "tipo": "tecla_especial",
        "tecla": "backspace",
        "tempo": 8.066421508789062
    },
    {
        "tipo": "tecla",
        "tecla": "t",
        "caps_lock": false,
        "tempo": 8.263862371444702
    },
    {
        "tipo": "tecla",
        "tecla": "e",
        "caps_lock": false,
        "tempo": 8.541064262390137
    },
    {
        "tipo": "tecla",
        "tecla": "s",
        "caps_lock": false,
        "tempo": 8.844039916992188
    },
    {
        "tipo": "tecla",
        "tecla": "t",
        "caps_lock": false,
        "tempo": 9.10657811164856
    },
    {
        "tipo": "tecla",
        "tecla": "a",
        "caps_lock": false,
        "tempo": 9.312526941299438
    },
    {
        "tipo": "tecla",
        "tecla": "n",
        "caps_lock": false,
        "tempo": 9.397461652755737
    },
    {
        "tipo": "tecla",
        "tecla": "d",
        "caps_lock": false,
        "tempo": 9.506453037261963
    },
    {
        "tipo": "tecla",
        "tecla": "o",
        "caps_lock": false,
        "tempo": 9.624504566192627
    },
    {
        "tipo": "tecla_especial",
        "tecla": "caps_lock",
        "estado": true,
        "tempo": 10.041335105895996
    },
    {
        "tipo": "tecla_especial",
        "tecla": "caps_lock",
        "estado": false,
        "tempo": 10.041335105895996
    },
    {
        "tipo": "tecla_especial",
        "tecla": "space",
        "tempo": 10.694878101348877
    },
    {
        "tipo": "tecla_especial",
        "tecla": "space",
        "tempo": 10.694878101348877
    },
    {
        "tipo": "tecla_especial",
        "tecla": "caps_lock",
        "estado": true,
        "tempo": 10.9676833152771
    },
    {
        "tipo": "tecla_especial",
        "tecla": "caps_lock",
        "estado": false,
        "tempo": 10.9676833152771
    },
    {
        "tipo": "tecla",
        "tecla": "o",
        "caps_lock": false,
        "tempo": 11.117007970809937
    },
    {
        "tipo": "tecla",
        "tecla": "k",
        "caps_lock": false,
        "tempo": 11.323476552963257
    },
    {
        "tipo": "tecla_especial",
        "tecla": "caps_lock",
        "estado": true,
        "tempo": 11.860971212387085
    },
    {
        "tipo": "tecla_especial",
        "tecla": "caps_lock",
        "estado": false,
        "tempo": 11.86198091506958
    },
    {
        "tipo": "tecla_especial",
        "tecla": "Key.shift",
        "tempo": 12.687782049179077
    },
    {
        "tipo": "tecla",
        "tecla": "?",
        "caps_lock": false,
        "tempo": 12.756500959396362
    },
    {
        "tipo": "tecla_especial",
        "tecla": "backspace",
        "tempo": 13.27460527420044
    },
    {
        "tipo": "tecla_especial",
        "tecla": "backspace",
        "tempo": 13.27460527420044
    },
    {
        "tipo": "tecla_especial",
        "tecla": "backspace",
        "tempo": 13.419355869293213
    },
    {
        "tipo": "tecla_especial",
        "tecla": "backspace",
        "tempo": 13.419355869293213
    },
    {
        "tipo": "tecla_especial",
        "tecla": "backspace",
        "tempo": 13.576515913009644
    },
    {
        "tipo": "tecla_especial",
        "tecla": "backspace",
        "tempo": 13.577031373977661
    },
    {
        "tipo": "tecla_especial",
        "tecla": "backspace",
        "tempo": 13.730359315872192
    },
    {
        "tipo": "tecla_especial",
        "tecla": "backspace",
        "tempo": 13.730359315872192
    },
    {
        "tipo": "tecla_especial",
        "tecla": "backspace",
        "tempo": 13.887120962142944
    },
    {
        "tipo": "tecla_especial",
        "tecla": "backspace",
        "tempo": 13.887120962142944
    },
    {
        "tipo": "tecla_especial",
        "tecla": "backspace",
        "tempo": 14.041589260101318
    },
    {
        "tipo": "tecla_especial",
        "tecla": "backspace",
        "tempo": 14.041589260101318
    },
    {
        "tipo": "tecla_especial",
        "tecla": "backspace",
        "tempo": 14.186475038528442
    },
    {
        "tipo": "tecla_especial",
        "tecla": "backspace",
        "tempo": 14.186991214752197
    },
    {
        "tipo": "tecla_especial",
        "tecla": "caps_lock",
        "estado": true,
        "tempo": 14.283748149871826
    },
    {
        "tipo": "tecla_especial",
        "tecla": "caps_lock",
        "estado": false,
        "tempo": 14.283748149871826
    },
    {
        "tipo": "tecla_especial",
        "tecla": "backspace",
        "tempo": 14.331361293792725
    },
    {
        "tipo": "tecla_especial",
        "tecla": "backspace",
        "tempo": 14.331361293792725
    },
    {
        "tipo": "tecla_especial",
        "tecla": "backspace",
        "tempo": 14.476456880569458
    },
    {
        "tipo": "tecla_especial",
        "tecla": "backspace",
        "tempo": 14.47697138786316
    },
    {
        "tipo": "tecla_especial",
        "tecla": "backspace",
        "tempo": 14.621370553970337
    },
    {
        "tipo": "tecla_especial",
        "tecla": "backspace",
        "tempo": 14.621370553970337
    },
    {
        "tipo": "tecla_especial",
        "tecla": "backspace",
        "tempo": 14.746813774108887
    },
    {
        "tipo": "tecla_especial",
        "tecla": "backspace",
        "tempo": 14.746813774108887
    },
    {
        "tipo": "tecla",
        "tecla": "f",
        "caps_lock": false,
        "tempo": 14.892401933670044
    },
    {
        "tipo": "tecla_especial",
        "tecla": "backspace",
        "tempo": 14.985365629196167
    },
    {
        "tipo": "tecla_especial",
        "tecla": "backspace",
        "tempo": 14.985365629196167
    },
    {
        "tipo": "tecla_especial",
        "tecla": "backspace",
        "tempo": 15.231437921524048
    },
    {
        "tipo": "tecla_especial",
        "tecla": "backspace",
        "tempo": 15.231437921524048
    },
    {
        "tipo": "tecla",
        "tecla": "f",
        "caps_lock": false,
        "tempo": 15.305429458618164
    },
    {
        "tipo": "tecla",
        "tecla": "e",
        "caps_lock": false,
        "tempo": 15.481366634368896
    },
    {
        "tipo": "tecla",
        "tecla": "c",
        "caps_lock": false,
        "tempo": 15.707046508789062
    },
    {
        "tipo": "tecla",
        "tecla": "h",
        "caps_lock": false,
        "tempo": 15.941372156143188
    },
    {
        "tipo": "tecla",
        "tecla": "o",
        "caps_lock": false,
        "tempo": 15.998286962509155
    },
    {
        "tipo": "tecla",
        "tecla": "u",
        "caps_lock": false,
        "tempo": 16.159469842910767
    },
    {
        "tipo": "tecla_especial",
        "tecla": "space",
        "tempo": 16.333918809890747
    },
    {
        "tipo": "tecla_especial",
        "tecla": "space",
        "tempo": 16.333918809890747
    },
    {
        "tipo": "tecla_especial",
        "tecla": "backspace",
        "tempo": 17.054600477218628
    },
    {
        "tipo": "tecla_especial",
        "tecla": "backspace",
        "tempo": 17.054600477218628
    },
    {
        "tipo": "tecla_especial",
        "tecla": "backspace",
        "tempo": 17.224380493164062
    },
    {
        "tipo": "tecla_especial",
        "tecla": "backspace",
        "tempo": 17.224380493164062
    },
    {
        "tipo": "tecla_especial",
        "tecla": "backspace",
        "tempo": 17.364465713500977
    },
    {
        "tipo": "tecla_especial",
        "tecla": "backspace",
        "tempo": 17.364465713500977
    },
    {
        "tipo": "tecla_especial",
        "tecla": "backspace",
        "tempo": 17.522512197494507
    },
    {
        "tipo": "tecla_especial",
        "tecla": "backspace",
        "tempo": 17.522512197494507
    },
    {
        "tipo": "tecla_especial",
        "tecla": "backspace",
        "tempo": 17.671381950378418
    },
    {
        "tipo": "tecla_especial",
        "tecla": "backspace",
        "tempo": 17.671381950378418
    },
    {
        "tipo": "tecla_especial",
        "tecla": "backspace",
        "tempo": 17.824530839920044
    },
    {
        "tipo": "tecla_especial",
        "tecla": "backspace",
        "tempo": 17.824530839920044
    },
    {
        "tipo": "tecla_especial",
        "tecla": "backspace",
        "tempo": 17.98138403892517
    },
    {
        "tipo": "tecla_especial",
        "tecla": "backspace",
        "tempo": 17.98138403892517
    },
    {
        "tipo": "tecla",
        "tecla": "1",
        "caps_lock": false,
        "tempo": 18.145734310150146
    },
    {
        "tipo": "tecla_especial",
        "tecla": "backspace",
        "tempo": 18.321386098861694
    },
    {
        "tipo": "tecla_especial",
        "tecla": "backspace",
        "tempo": 18.321386098861694
    },
    {
        "tipo": "tecla",
        "tecla": "2",
        "caps_lock": false,
        "tempo": 18.49044680595398
    },
    {
        "tipo": "tecla_especial",
        "tecla": "backspace",
        "tempo": 18.635526180267334
    },
    {
        "tipo": "tecla_especial",
        "tecla": "backspace",
        "tempo": 18.635526180267334
    },
    {
        "tipo": "tecla",
        "tecla": "3",
        "caps_lock": false,
        "tempo": 18.816267490386963
    },
    {
        "tipo": "tecla_especial",
        "tecla": "backspace",
        "tempo": 19.009886741638184
    },
    {
        "tipo": "tecla_especial",
        "tecla": "backspace",
        "tempo": 19.010905027389526
    },
    {
        "tipo": "tecla_especial",
        "tecla": "backspace",
        "tempo": 19.3575918674469
    },
    {
        "tipo": "tecla_especial",
        "tecla": "backspace",
        "tempo": 19.3575918674469
    },
    {
        "tipo": "tecla_especial",
        "tecla": "backspace",
        "tempo": 19.61575698852539
    },
    {
        "tipo": "tecla_especial",
        "tecla": "backspace",
        "tempo": 19.61575698852539
    },
    {
        "tipo": "tecla_especial",
        "tecla": "backspace",
        "tempo": 19.890443086624146
    },
    {
        "tipo": "tecla_especial",
        "tecla": "backspace",
        "tempo": 19.890443086624146
    },
    {
        "tipo": "clique",
        "botao": "Button.left",
        "x": 1805,
        "y": 15,
        "pressionado": true,
        "tempo": 21.740574836730957
    },
    {
        "tipo": "clique",
        "botao": "Button.left",
        "x": 1805,
        "y": 15,
        "pressionado": true,
        "tempo": 21.740574836730957
    },
    {
        "tipo": "clique",
        "botao": "Button.left",
        "x": 1805,
        "y": 15,
        "pressionado": false,
        "tempo": 21.820412158966064
    },
    {
        "tipo": "selecionar_texto",
        "inicio": [
            1805,
            15
        ],
        "fim": [
            1805,
            15
        ],
        "tempo": 21.820412158966064
    },
    {
        "tipo": "clique",
        "botao": "Button.left",
        "x": 1805,
        "y": 15,
        "pressionado": false,
        "tempo": 21.820412158966064
    },
    {
        "tipo": "clique",
        "botao": "Button.left",
        "x": 1193,
        "y": 1066,
        "pressionado": true,
        "tempo": 22.97381830215454
    },
    {
        "tipo": "clique",
        "botao": "Button.left",
        "x": 1193,
        "y": 1066,
        "pressionado": true,
        "tempo": 22.97481369972229
    },
    {
        "tipo": "clique",
        "botao": "Button.left",
        "x": 1193,
        "y": 1066,
        "pressionado": false,
        "tempo": 23.046669006347656
    },
    {
        "tipo": "selecionar_texto",
        "inicio": [
            1193,
            1066
        ],
        "fim": [
            1193,
            1066
        ],
        "tempo": 23.046669006347656
    },
    {
        "tipo": "clique",
        "botao": "Button.left",
        "x": 1193,
        "y": 1066,
        "pressionado": false,
        "tempo": 23.046669006347656
    },
    {
        "tipo": "clique",
        "botao": "Button.left",
        "x": 843,
        "y": 660,
        "pressionado": true,
        "tempo": 24.211443424224854
    },
    {
        "tipo": "clique",
        "botao": "Button.left",
        "x": 843,
        "y": 660,
        "pressionado": true,
        "tempo": 24.211443424224854
    },
    {
        "tipo": "clique",
        "botao": "Button.left",
        "x": 843,
        "y": 659,
        "pressionado": false,
        "tempo": 24.29875636100769
    },
    {
        "tipo": "selecionar_texto",
        "inicio": [
            843,
            660
        ],
        "fim": [
            843,
            659
        ],
        "tempo": 24.29875636100769
    },
    {
        "tipo": "clique",
        "botao": "Button.left",
        "x": 843,
        "y": 659,
        "pressionado": false,
        "tempo": 24.29875636100769
    },
    {
        "tipo": "tecla_especial",
        "tecla": "enter",
        "tempo": 24.973876476287842
    },
    {
        "tipo": "tecla_especial",
        "tecla": "enter",
        "tempo": 24.973876476287842
    },
    {
        "tipo": "tecla_especial",
        "tecla": "enter",
        "tempo": 25.110427856445312
    },
    {
        "tipo": "tecla_especial",
        "tecla": "enter",
        "tempo": 25.110427856445312
    },
    {
        "tipo": "tecla",
        "tecla": "e",
        "caps_lock": false,
        "tempo": 25.48868155479431
    },
    {
        "tipo": "tecla",
        "tecla": "i",
        "caps_lock": false,
        "tempo": 25.722585916519165
    },
    {
        "tipo": "tecla",
        "tecla": "t",
        "caps_lock": false,
        "tempo": 25.771206617355347
    },
    {
        "tipo": "tecla",
        "tecla": "a",
        "caps_lock": false,
        "tempo": 26.01331114768982
    },
    {
        "tipo": "tecla_especial",
        "tecla": "space",
        "tempo": 26.641035318374634
    },
    {
        "tipo": "tecla_especial",
        "tecla": "space",
        "tempo": 26.641035318374634
    },
    {
        "tipo": "tecla_especial",
        "tecla": "caps_lock",
        "estado": true,
        "tempo": 27.099443912506104
    },
    {
        "tipo": "tecla_especial",
        "tecla": "caps_lock",
        "estado": false,
        "tempo": 27.099443912506104
    },
    {
        "tipo": "tecla",
        "tecla": "a",
        "caps_lock": false,
        "tempo": 27.538325309753418
    },
    {
        "tipo": "tecla",
        "tecla": "r",
        "caps_lock": false,
        "tempo": 27.68716812133789
    },
    {
        "tipo": "tecla",
        "tecla": "r",
        "caps_lock": false,
        "tempo": 27.845014333724976
    },
    {
        "tipo": "tecla",
        "tecla": "a",
        "caps_lock": false,
        "tempo": 27.989636659622192
    },
    {
        "tipo": "tecla",
        "tecla": "s",
        "caps_lock": false,
        "tempo": 28.082748413085938
    },
    {
        "tipo": "tecla",
        "tecla": "o",
        "caps_lock": false,
        "tempo": 28.183447122573853
    },
    {
        "tipo": "tecla",
        "tecla": "u",
        "caps_lock": false,
        "tempo": 28.349447011947632
    },
    {
        "tipo": "tecla",
        "tecla": ".",
        "caps_lock": false,
        "tempo": 28.650871992111206
    },
    {
        "tipo": "tecla_especial",
        "tecla": "backspace",
        "tempo": 30.01762580871582
    },
    {
        "tipo": "tecla_especial",
        "tecla": "backspace",
        "tempo": 30.01762580871582
    },
    {
        "tipo": "tecla_especial",
        "tecla": "backspace",
        "tempo": 30.194901704788208
    },
    {
        "tipo": "tecla_especial",
        "tecla": "backspace",
        "tempo": 30.195900201797485
    },
    {
        "tipo": "tecla_especial",
        "tecla": "backspace",
        "tempo": 30.357234954833984
    },
    {
        "tipo": "tecla_especial",
        "tecla": "backspace",
        "tempo": 30.357234954833984
    },
    {
        "tipo": "tecla_especial",
        "tecla": "backspace",
        "tempo": 30.51812171936035
    },
    {
        "tipo": "tecla_especial",
        "tecla": "backspace",
        "tempo": 30.51812171936035
    },
    {
        "tipo": "tecla_especial",
        "tecla": "backspace",
        "tempo": 30.691580057144165
    },
    {
        "tipo": "tecla_especial",
        "tecla": "backspace",
        "tempo": 30.691580057144165
    },
    {
        "tipo": "tecla_especial",
        "tecla": "backspace",
        "tempo": 30.86591649055481
    },
    {
        "tipo": "tecla_especial",
        "tecla": "backspace",
        "tempo": 30.86591649055481
    },
    {
        "tipo": "tecla_especial",
        "tecla": "backspace",
        "tempo": 31.03063726425171
    },
    {
        "tipo": "tecla_especial",
        "tecla": "backspace",
        "tempo": 31.03063726425171
    },
    {
        "tipo": "tecla_especial",
        "tecla": "backspace",
        "tempo": 31.187283754348755
    },
    {
        "tipo": "tecla_especial",
        "tecla": "backspace",
        "tempo": 31.187283754348755
    },
    {
        "tipo": "tecla_especial",
        "tecla": "backspace",
        "tempo": 31.353102445602417
    },
    {
        "tipo": "tecla_especial",
        "tecla": "backspace",
        "tempo": 31.353102445602417
    },
    {
        "tipo": "tecla_especial",
        "tecla": "backspace",
        "tempo": 31.515583515167236
    },
    {
        "tipo": "tecla_especial",
        "tecla": "backspace",
        "tempo": 31.515583515167236
    },
    {
        "tipo": "tecla_especial",
        "tecla": "backspace",
        "tempo": 31.676337718963623
    },
    {
        "tipo": "tecla_especial",
        "tecla": "backspace",
        "tempo": 31.676337718963623
    },
    {
        "tipo": "tecla_especial",
        "tecla": "backspace",
        "tempo": 31.836783170700073
    },
    {
        "tipo": "tecla_especial",
        "tecla": "backspace",
        "tempo": 31.837859869003296
    },
    {
        "tipo": "tecla_especial",
        "tecla": "backspace",
        "tempo": 32.00354790687561
    },
    {
        "tipo": "tecla_especial",
        "tecla": "backspace",
        "tempo": 32.00354790687561
    },
    {
        "tipo": "tecla_especial",
        "tecla": "backspace",
        "tempo": 32.25314998626709
    },
    {
        "tipo": "tecla_especial",
        "tecla": "backspace",
        "tempo": 32.25314998626709
    },
    {
        "tipo": "tecla_especial",
        "tecla": "backspace",
        "tempo": 32.50002193450928
    },
    {
        "tipo": "tecla_especial",
        "tecla": "backspace",
        "tempo": 32.50002193450928
    },
    {
        "tipo": "tecla_especial",
        "tecla": "backspace",
        "tempo": 33.254674673080444
    },
    {
        "tipo": "tecla_especial",
        "tecla": "backspace",
        "tempo": 33.254674673080444
    },
    {
        "tipo": "tecla_especial",
        "tecla": "enter",
        "tempo": 33.96057605743408
    },
    {
        "tipo": "tecla_especial",
        "tecla": "enter",
        "tempo": 33.96057605743408
    },
    {
        "tipo": "tecla_especial",
        "tecla": "enter",
        "tempo": 34.114601135253906
    },
    {
        "tipo": "tecla_especial",
        "tecla": "enter",
        "tempo": 34.114601135253906
    },
    {
        "tipo": "tecla",
        "tecla": "l",
        "caps_lock": false,
        "tempo": 34.61684584617615
    },
    {
        "tipo": "tecla",
        "tecla": "a",
        "caps_lock": false,
        "tempo": 34.660486698150635
    },
    {
        "tipo": "tecla_especial",
        "tecla": "space",
        "tempo": 34.77881479263306
    },
    {
        "tipo": "tecla_especial",
        "tecla": "space",
        "tempo": 34.77881479263306
    },
    {
        "tipo": "tecla",
        "tecla": "e",
        "caps_lock": false,
        "tempo": 34.854488372802734
    },
    {
        "tipo": "tecla",
        "tecla": "l",
        "caps_lock": false,
        "tempo": 34.95558404922485
    },
    {
        "tipo": "tecla",
        "tecla": "e",
        "caps_lock": false,
        "tempo": 35.040987968444824
    },
    {
        "tipo": "tecla_especial",
        "tecla": "backspace",
        "tempo": 35.298922061920166
    },
    {
        "tipo": "tecla_especial",
        "tecla": "backspace",
        "tempo": 35.298922061920166
    },
    {
        "tipo": "tecla_especial",
        "tecla": "backspace",
        "tempo": 35.47294521331787
    },
    {
        "tipo": "tecla_especial",
        "tecla": "backspace",
        "tempo": 35.47294521331787
    },
    {
        "tipo": "tecla_especial",
        "tecla": "backspace",
        "tempo": 35.628923654556274
    },
    {
        "tipo": "tecla_especial",
        "tecla": "backspace",
        "tempo": 35.628923654556274
    },
    {
        "tipo": "tecla_especial",
        "tecla": "backspace",
        "tempo": 35.77496147155762
    },
    {
        "tipo": "tecla_especial",
        "tecla": "backspace",
        "tempo": 35.77496147155762
    },
    {
        "tipo": "tecla_especial",
        "tecla": "backspace",
        "tempo": 35.923492670059204
    },
    {
        "tipo": "tecla_especial",
        "tecla": "backspace",
        "tempo": 35.923492670059204
    },
    {
        "tipo": "tecla_especial",
        "tecla": "backspace",
        "tempo": 36.072924852371216
    },
    {
        "tipo": "tecla_especial",
        "tecla": "backspace",
        "tempo": 36.07392406463623
    },
    {
        "tipo": "tecla_especial",
        "tecla": "backspace",
        "tempo": 36.23538374900818
    },
    {
        "tipo": "tecla_especial",
        "tecla": "backspace",
        "tempo": 36.235899925231934
    },
    {
        "tipo": "tecla_especial",
        "tecla": "backspace",
        "tempo": 36.38449692726135
    },
    {
        "tipo": "tecla_especial",
        "tecla": "backspace",
        "tempo": 36.38449692726135
    },
    {
        "tipo": "tecla_especial",
        "tecla": "backspace",
        "tempo": 36.994051694869995
    },
    {
        "tipo": "tecla_especial",
        "tecla": "backspace",
        "tempo": 36.994051694869995
    },
    {
        "tipo": "tecla_especial",
        "tecla": "enter",
        "tempo": 37.63468098640442
    },
    {
        "tipo": "tecla_especial",
        "tecla": "enter",
        "tempo": 37.63468098640442
    },
    {
        "tipo": "tecla_especial",
        "tecla": "enter",
        "tempo": 37.7717068195343
    },
    {
        "tipo": "tecla_especial",
        "tecla": "enter",
        "tempo": 37.7717068195343
    },
    {
        "tipo": "tecla",
        "tecla": "t",
        "caps_lock": false,
        "tempo": 37.90156817436218
    },
    {
        "tipo": "tecla",
        "tecla": "e",
        "caps_lock": false,
        "tempo": 38.10354399681091
    },
    {
        "tipo": "tecla",
        "tecla": "s",
        "caps_lock": false,
        "tempo": 38.27721548080444
    },
    {
        "tipo": "tecla",
        "tecla": "t",
        "caps_lock": false,
        "tempo": 38.46197772026062
    },
    {
        "tipo": "tecla",
        "tecla": "e",
        "caps_lock": false,
        "tempo": 38.623510122299194
    },
    {
        "tipo": "tecla_especial",
        "tecla": "space",
        "tempo": 38.72050976753235
    },
    {
        "tipo": "tecla_especial",
        "tecla": "space",
        "tempo": 38.72050976753235
    },
    {
        "tipo": "tecla",
        "tecla": "f",
        "caps_lock": false,
        "tempo": 38.84667348861694
    },
    {
        "tipo": "tecla",
        "tecla": "i",
        "caps_lock": false,
        "tempo": 38.93084359169006
    },
    {
        "tipo": "tecla",
        "tecla": "n",
        "caps_lock": false,
        "tempo": 39.10472249984741
    },
    {
        "tipo": "tecla",
        "tecla": "a",
        "caps_lock": false,
        "tempo": 39.14051389694214
    },
    {
        "tipo": "tecla",
        "tecla": "l",
        "caps_lock": false,
        "tempo": 39.301271200180054
    },
    {
        "tipo": "tecla",
        "tecla": "i",
        "caps_lock": false,
        "tempo": 39.48717164993286
    },
    {
        "tipo": "tecla",
        "tecla": "z",
        "caps_lock": false,
        "tempo": 39.5437970161438
    },
    {
        "tipo": "tecla",
        "tecla": "a",
        "caps_lock": false,
        "tempo": 39.60081481933594
    },
    {
        "tipo": "tecla",
        "tecla": "d",
        "caps_lock": false,
        "tempo": 39.74151659011841
    },
    {
        "tipo": "tecla",
        "tecla": "o",
        "caps_lock": false,
        "tempo": 39.790639877319336
    },
    {
        "tipo": "tecla_especial",
        "tecla": "backspace",
        "tempo": 40.11766052246094
    },
    {
        "tipo": "tecla_especial",
        "tecla": "backspace",
        "tempo": 40.11766052246094
    },
    {
        "tipo": "tecla_especial",
        "tecla": "backspace",
        "tempo": 40.286657094955444
    },
    {
        "tipo": "tecla_especial",
        "tecla": "backspace",
        "tempo": 40.286657094955444
    },
    {
        "tipo": "tecla_especial",
        "tecla": "backspace",
        "tempo": 40.44845986366272
    },
    {
        "tipo": "tecla_especial",
        "tecla": "backspace",
        "tempo": 40.44845986366272
    },
    {
        "tipo": "tecla_especial",
        "tecla": "backspace",
        "tempo": 40.597596645355225
    },
    {
        "tipo": "tecla_especial",
        "tecla": "backspace",
        "tempo": 40.597596645355225
    },
    {
        "tipo": "tecla_especial",
        "tecla": "backspace",
        "tempo": 40.74663734436035
    },
    {
        "tipo": "tecla_especial",
        "tecla": "backspace",
        "tempo": 40.74663734436035
    },
    {
        "tipo": "tecla_especial",
        "tecla": "backspace",
        "tempo": 40.90895986557007
    },
    {
        "tipo": "tecla_especial",
        "tecla": "backspace",
        "tempo": 40.90895986557007
    },
    {
        "tipo": "tecla_especial",
        "tecla": "backspace",
        "tempo": 41.05758738517761
    },
    {
        "tipo": "tecla_especial",
        "tecla": "backspace",
        "tempo": 41.05860137939453
    },
    {
        "tipo": "tecla_especial",
        "tecla": "backspace",
        "tempo": 41.211793184280396
    },
    {
        "tipo": "tecla_especial",
        "tecla": "backspace",
        "tempo": 41.211793184280396
    },
    {
        "tipo": "tecla_especial",
        "tecla": "backspace",
        "tempo": 41.36079001426697
    },
    {
        "tipo": "tecla_especial",
        "tecla": "backspace",
        "tempo": 41.36079001426697
    },
    {
        "tipo": "tecla_especial",
        "tecla": "backspace",
        "tempo": 41.521528244018555
    },
    {
        "tipo": "tecla_especial",
        "tecla": "backspace",
        "tempo": 41.521528244018555
    },
    {
        "tipo": "tecla_especial",
        "tecla": "backspace",
        "tempo": 41.703529596328735
    },
    {
        "tipo": "tecla_especial",
        "tecla": "backspace",
        "tempo": 41.703529596328735
    },
    {
        "tipo": "tecla_especial",
        "tecla": "backspace",
        "tempo": 41.872347354888916
    },
    {
        "tipo": "tecla_especial",
        "tecla": "backspace",
        "tempo": 41.872347354888916
    },
    {
        "tipo": "tecla_especial",
        "tecla": "backspace",
        "tempo": 42.05018973350525
    },
    {
        "tipo": "tecla_especial",
        "tecla": "backspace",
        "tempo": 42.05018973350525
    },
    {
        "tipo": "tecla_especial",
        "tecla": "backspace",
        "tempo": 42.204800844192505
    },
    {
        "tipo": "tecla_especial",
        "tecla": "backspace",
        "tempo": 42.204800844192505
    },
    {
        "tipo": "tecla_especial",
        "tecla": "backspace",
        "tempo": 42.36086559295654
    },
    {
        "tipo": "tecla_especial",
        "tecla": "backspace",
        "tempo": 42.36086559295654
    },
    {
        "tipo": "tecla_especial",
        "tecla": "backspace",
        "tempo": 42.5313835144043
    },
    {
        "tipo": "tecla_especial",
        "tecla": "backspace",
        "tempo": 42.5313835144043
    },
    {
        "tipo": "tecla_especial",
        "tecla": "backspace",
        "tempo": 42.70972561836243
    },
    {
        "tipo": "tecla_especial",
        "tecla": "backspace",
        "tempo": 42.710222005844116
    },
    {
        "tipo": "tecla_especial",
        "tecla": "backspace",
        "tempo": 42.90111422538757
    },
    {
        "tipo": "tecla_especial",
        "tecla": "backspace",
        "tempo": 42.90111422538757
    },
    {
        "tipo": "tecla_especial",
        "tecla": "backspace",
        "tempo": 43.236607789993286
    },
    {
        "tipo": "tecla_especial",
        "tecla": "backspace",
        "tempo": 43.23782682418823
    },
    {
        "tipo": "tecla_especial",
        "tecla": "Key.end",
        "tempo": 45.505757093429565
    }
]