[
    {
        "tipo": "clique",
        "botao": "Button.left",
        "x": 755,
        "y": 442,
        "pressionado": true,
        "tempo": 0.6049902439117432
    },
    {
        "tipo": "clique",
        "botao": "Button.left",
        "x": 755,
        "y": 442,
        "pressionado": false,
        "tempo": 0.6537520885467529
    },
    {
        "tipo": "selecionar_texto",
        "inicio": [
            755,
            442
        ],
        "fim": [
            755,
            442
        ],
        "tempo": 0.6537520885467529
    },
    {
        "tipo": "tecla_especial",
        "tecla": "enter",
        "tempo": 1.356119155883789
    },
    {
        "tipo": "tecla_especial",
        "tecla": "enter",
        "tempo": 1.5178418159484863
    },
    {
        "tipo": "tecla",
        "tecla": "t",
        "caps_lock": false,
        "tempo": 1.9012911319732666
    },
    {
        "tipo": "tecla",
        "tecla": "e",
        "caps_lock": false,
        "tempo": 2.1184284687042236
    },
    {
        "tipo": "tecla",
        "tecla": "s",
        "caps_lock": false,
        "tempo": 2.332705020904541
    },
    {
        "tipo": "tecla",
        "tecla": "t",
        "caps_lock": false,
        "tempo": 2.5025718212127686
    },
    {
        "tipo": "tecla",
        "tecla": "e",
        "caps_lock": false,
        "tempo": 2.679136037826538
    },
    {
        "tipo": "tecla_especial",
        "tecla": "backspace",
        "tempo": 2.9615156650543213
    },
    {
        "tipo": "tecla_especial",
        "tecla": "backspace",
        "tempo": 3.1435742378234863
    },
    {
        "tipo": "tecla_especial",
        "tecla": "backspace",
        "tempo": 3.288356065750122
    },
    {
        "tipo": "tecla_especial",
        "tecla": "backspace",
        "tempo": 3.442538022994995
    },
    {
        "tipo": "tecla_especial",
        "tecla": "backspace",
        "tempo": 3.5883584022521973
    },
    {
        "tipo": "tecla_especial",
        "tecla": "caps_lock",
        "estado": true,
        "tempo": 3.821446418762207
    },
    {
        "tipo": "tecla",
        "tecla": "t",
        "caps_lock": true,
        "tempo": 4.101368188858032
    },
    {
        "tipo": "tecla_especial",
        "tecla": "caps_lock",
        "estado": false,
        "tempo": 4.2689924240112305
    },
    {
        "tipo": "tecla",
        "tecla": "e",
        "caps_lock": false,
        "tempo": 4.355485200881958
    },
    {
        "tipo": "tecla",
        "tecla": "s",
        "caps_lock": false,
        "tempo": 4.5483622550964355
    },
    {
        "tipo": "tecla",
        "tecla": "t",
        "caps_lock": false,
        "tempo": 4.730550765991211
    },
    {
        "tipo": "tecla",
        "tecla": "e",
        "caps_lock": false,
        "tempo": 4.895209550857544
    },
    {
        "tipo": "tecla_especial",
        "tecla": "backspace",
        "tempo": 5.0767083168029785
    },
    {
        "tipo": "tecla_especial",
        "tecla": "backspace",
        "tempo": 5.2534990310668945
    },
    {
        "tipo": "tecla_especial",
        "tecla": "backspace",
        "tempo": 5.3992204666137695
    },
    {
        "tipo": "tecla_especial",
        "tecla": "backspace",
        "tempo": 5.541366100311279
    },
    {
        "tipo": "tecla_especial",
        "tecla": "backspace",
        "tempo": 5.658367156982422
    },
    {
        "tipo": "tecla_especial",
        "tecla": "caps_lock",
        "estado": true,
        "tempo": 5.832535028457642
    },
    {
        "tipo": "tecla",
        "tecla": "o",
        "caps_lock": true,
        "tempo": 5.913867473602295
    },
    {
        "tipo": "tecla",
        "tecla": "k",
        "caps_lock": true,
        "tempo": 6.126369953155518
    },
    {
        "tipo": "tecla_especial",
        "tecla": "caps_lock",
        "estado": false,
        "tempo": 6.491482257843018
    },
    {
        "tipo": "tecla_especial",
        "tecla": "backspace",
        "tempo": 6.6813719272613525
    },
    {
        "tipo": "tecla_especial",
        "tecla": "backspace",
        "tempo": 6.862828254699707
    },
    {
        "tipo": "tecla_especial",
        "tecla": "backspace",
        "tempo": 7.161376237869263
    },
    {
        "tipo": "tecla_especial",
        "tecla": "backspace",
        "tempo": 7.5114381313323975
    },
    {
        "tipo": "tecla_especial",
        "tecla": "backspace",
        "tempo": 7.993665933609009
    },
    {
        "tipo": "tecla_especial",
        "tecla": "Key.home",
        "tempo": 9.542385816574097
    },
    {
        "tipo": "clique",
        "botao": "Button.left",
        "x": 755,
        "y": 443,
        "pressionado": true,
        "tempo": 10.810746192932129
    },
    {
        "tipo": "clique",
        "botao": "Button.left",
        "x": 755,
        "y": 443,
        "pressionado": false,
        "tempo": 10.898356437683105
    },
    {
        "tipo": "selecionar_texto",
        "inicio": [
            755,
            443
        ],
        "fim": [
            755,
            443
        ],
        "tempo": 10.898356437683105
    },
    {
        "tipo": "clique",
        "botao": "Button.left",
        "x": 1794,
        "y": 17,
        "pressionado": true,
        "tempo": 12.546403646469116
    },
    {
        "tipo": "clique",
        "botao": "Button.left",
        "x": 1794,
        "y": 17,
        "pressionado": false,
        "tempo": 12.627403497695923
    },
    {
        "tipo": "selecionar_texto",
        "inicio": [
            1794,
            17
        ],
        "fim": [
            1794,
            17
        ],
        "tempo": 12.627403497695923
    },
    {
        "tipo": "clique",
        "botao": "Button.left",
        "x": 1209,
        "y": 1055,
        "pressionado": true,
        "tempo": 14.07760238647461
    },
    {
        "tipo": "clique",
        "botao": "Button.left",
        "x": 1209,
        "y": 1055,
        "pressionado": false,
        "tempo": 14.161513805389404
    },
    {
        "tipo": "selecionar_texto",
        "inicio": [
            1209,
            1055
        ],
        "fim": [
            1209,
            1055
        ],
        "tempo": 14.161513805389404
    },
    {
        "tipo": "clique",
        "botao": "Button.left",
        "x": 732,
        "y": 461,
        "pressionado": true,
        "tempo": 15.208417654037476
    },
    {
        "tipo": "clique",
        "botao": "Button.left",
        "x": 732,
        "y": 461,
        "pressionado": false,
        "tempo": 15.29661774635315
    },
    {
        "tipo": "selecionar_texto",
        "inicio": [
            732,
            461
        ],
        "fim": [
            732,
            461
        ],
        "tempo": 15.29661774635315
    },
    {
        "tipo": "tecla_especial",
        "tecla": "enter",
        "tempo": 16.13478398323059
    },
    {
        "tipo": "tecla_especial",
        "tecla": "enter",
        "tempo": 16.30733060836792
    },
    {
        "tipo": "tecla_especial",
        "tecla": "caps_lock",
        "estado": true,
        "tempo": 16.645421266555786
    },
    {
        "tipo": "tecla",
        "tecla": "o",
        "caps_lock": true,
        "tempo": 16.936594009399414
    },
    {
        "tipo": "tecla",
        "tecla": "k",
        "caps_lock": true,
        "tempo": 17.122631072998047
    },
    {
        "tipo": "tecla_especial",
        "tecla": "caps_lock",
        "estado": false,
        "tempo": 17.39274573326111
    },
    {
        "tipo": "tecla_especial",
        "tecla": "backspace",
        "tempo": 17.638389110565186
    },
    {
        "tipo": "tecla_especial",
        "tecla": "backspace",
        "tempo": 17.839423179626465
    },
    {
        "tipo": "tecla_especial",
        "tecla": "backspace",
        "tempo": 18.029433012008667
    },
    {
        "tipo": "tecla_especial",
        "tecla": "backspace",
        "tempo": 18.202787160873413
    },
    {
        "tipo": "tecla_especial",
        "tecla": "backspace",
        "tempo": 18.413564443588257
    },
    {
        "tipo": "tecla_especial",
        "tecla": "caps_lock",
        "estado": true,
        "tempo": 21.929574489593506
    },
    {
        "tipo": "tecla",
        "tecla": "o",
        "caps_lock": true,
        "tempo": 22.522740125656128
    },
    {
        "tipo": "tecla",
        "tecla": "k",
        "caps_lock": true,
        "tempo": 22.756865978240967
    },
    {
        "tipo": "tecla_especial",
        "tecla": "caps_lock",
        "estado": false,
        "tempo": 23.301419019699097
    },
    {
        "tipo": "tecla_especial",
        "tecla": "backspace",
        "tempo": 23.531463146209717
    },
    {
        "tipo": "tecla",
        "tecla": "k",
        "caps_lock": false,
        "tempo": 23.811005115509033
    },
    {
        "tipo": "tecla_especial",
        "tecla": "backspace",
        "tempo": 24.17279362678528
    },
    {
        "tipo": "tecla_especial",
        "tecla": "backspace",
        "tempo": 24.386449813842773
    },
    {
        "tipo": "tecla_especial",
        "tecla": "Key.end",
        "tempo": 25.417460203170776
    }
]